customer_id,customer_name,avg_spending
730,Andria Rivers,92238.4
19,Lizzette Stein,56804.103333
222,Anya Contreras,50374.495
1226,Qiana Jackson,45478.4
1002,Cami Williamson,44465.666666
1342,Lekisha Pope,27999.0
905,Hae Ramirez,12999.98
329,Marilyn Frank,9999.98
1445,Ester Acevedo,9999.98
1370,Rona Rojas,7999.98
390,Lorrie Pollard,7999.98
692,Dorothea Chang,7274.49
503,Marlo Jefferson,6969.98
122,Shena Carter,6904.7375
1005,Ruthanne Franco,6893.316666
700,Collene Knox,6750.98
339,Tamela Harrell,6733.316666
289,Charmain Webster,6499.986666
108,Shae Hickman,6421.316666
1195,Chantell Bridges,6329.985
320,Aron Wiggins,6235.485
184,Klara Stanley,6142.986666
534,Alejandro Haney,6043.316666
1284,Shanice Spears,5999.985
1365,Shenna Espinoza,5999.98
100,Kellie Franco,5999.98
682,Arnita Thomas,5999.98
1014,Ling Newman,5999.98
840,Gilbert Calhoun,5952.653333
611,Ashleigh Frank,5799.98
917,Vernia Madden,5799.98
1425,Justina Jenkins,5799.98
1023,Adena Blake,5749.985
867,Rosalva Hamilton,5699.98
247,Muriel Juarez,5674.985
345,Mi Gray,5649.99
1312,Tereasa Bird,5604.985
1214,Brigid Sharp,5574.9875
908,Delmar Wise,5566.646666
147,Bernetta Marquez,5549.985
142,Nicholas Vazquez,5499.99
912,Inocencia Key,5499.99
1419,Lurlene Cotton,5499.99
356,Vashti Rosario,5474.985
238,Cindi Larson,5454.2325
663,Alissa Hood,5444.65
94,Sharyn Hopkins,5397.986
1224,Abram Copeland,5382.784
531,Kimberely Bowen,5374.646666
75,Abby Gamble,5357.27
598,Benito Hendrix,5346.98
824,Veronika Rollins,5339.98
464,Bess Mcbride,5274.4875
1037,Ashanti Hammond,5249.485
1100,Penny Acevedo,5099.98
441,Dorthea Walker,5019.98
970,Ruth Horton,4999.99
1196,Ileana Holt,4999.99
1192,Gena Owens,4999.98
906,Erik Leblanc,4999.98
310,Gilberto Parsons,4999.98
803,Bernardina Cooper,4919.983333
73,Melanie Hayes,4912.982857
1007,Jimmy Russell,4854.985
1421,Edris Barrett,4849.9825
182,Jenniffer Bullock,4840.4825
1103,Ardelia Cooley,4783.316666
651,Laure Pena,4755.735
747,Margret Barnett,4741.983333
334,Somer Jordan,4703.316666
383,Ashlee Pena,4699.9825
1238,Edgar Quinn,4680.98
70,Tomasa Carson,4677.4825
1391,Sheryl Chase,4564.9825
1090,Ira Erickson,4559.983333
96,Floretta Higgins,4548.99
955,Delfina Gilliam,4499.98
149,Meredith Bryan,4469.98
1403,Mila Moody,4429.323333
227,Danielle Bond,4400.184
95,Letitia Franco,4389.983333
462,Efren Oliver,4359.983333
425,Augustina Joyner,4357.984
1332,Novella Ross,4343.32
1018,Carita Salinas,4277.98
322,Merideth Preston,4249.983333
934,Ocie Slater,4249.98
160,Omer Estrada,4234.985
780,Ouida Gregory,4149.656666
415,Gwendolyn Miller,4133.316666
1424,Lashunda Cole,4119.985
245,Delila Hamilton,4066.653333
210,Priscilla Wilkins,3999.99
1082,Divina Madden,3999.99
1437,Son Warner,3999.99
89,Arvilla Osborn,3995.316666
1171,Earlean Pena,3972.485
196,Edythe Valencia,3966.646666
525,Andreas Mayer,3939.984
1422,Tempie Jacobson,3916.485
38,Zelma Browning,3899.653333
169,Karla Kirk,3899.4875
394,Virgen Clemons,3874.985
488,Joaquin Hawkins,3846.98
366,Lavonne Anderson,3840.485
1020,Lorraine Marks,3838.9825
403,Elouise Fry,3833.32
607,Paul Lester,3816.382
125,Herlinda Stone,3799.98
696,Norine Huffman,3774.49
1248,Bethany Herring,3774.49
626,Leigh Burke,3769.98
576,Shirely Stanley,3766.653333
1063,Tammy Austin,3733.48
838,Erna Sloan,3732.99
1258,Todd Waters,3700.48
1316,Conrad Mueller,3674.985
1015,Nichelle Rosario,3674.985
1051,Tonisha Fowler,3666.653333
93,Corrina Sawyer,3651.86125
631,Tressa Weiss,3649.985
127,Erlinda Nielsen,3649.98
349,Mable Pratt,3637.985
186,Ken Charles,3636.65
543,Jasmin Young,3633.32
595,Frederica Rojas,3604.9825
688,Pearlie Cochran,3599.98
1124,Hubert Reilly,3599.98
899,Carisa Carpenter,3599.98
976,Ayanna Cherry,3599.384
1382,Wynona Douglas,3597.782
1347,Kate Barber,3589.985
172,Jeanie Kirkland,3582.386
734,Alina Mcleod,3579.98
794,Donette Mccarthy,3566.653333
1291,Shiloh Bates,3525.985
379,Mina Carrillo,3516.99
427,Latonya Dixon,3499.99
1416,Miranda Kennedy,3499.99
1310,Emanuel Mckee,3499.985
1441,Jamaal Morrison,3499.326666
328,Bettie Glover,3496.653333
195,Addie Hahn,3473.984
175,Nova Hess,3464.98
1132,Parthenia Holman,3461.984
411,Octavia Case,3453.98
105,Marget Hodge,3445.7325
10,Pamelia Newman,3436.530909
1236,Rudolph Velez,3423.653333
1276,Shona Mcmillan,3399.99
29,Syreeta Hendricks,3399.985
758,Raymonde Garcia,3399.98
12,Robby Sykes,3394.735
810,Ivelisse Nixon,3388.4825
230,Chelsey Hardin,3382.99
579,Matilda Larson,3374.985
971,Samual Warner,3371.984
293,Tiny French,3369.98
1267,Earline Gordon,3361.98
1167,Ryan Carter,3361.98
1218,Donovan Cantrell,3361.98
496,Shu Mays,3356.986666
809,Elnora Simpson,3353.582
882,Hilda Harvey,3348.99
91,Marvin Mullins,3337.4875
111,Shila White,3320.985
1199,Consuela Collier,3301.984
802,Barrett Sanders,3299.32
1392,Trista Lambert,3274.985
263,Dortha Jarvis,3271.788
32,Araceli Golden,3262.656666
6,Lyndsey Bean,3259.805454
883,Gilberte Duke,3247.986
627,Deloris Larson,3245.4825
281,Rayna Perry,3229.99
1019,Janie Herrera,3215.235
34,Brittney Woodward,3204.235
580,Mellisa Kim,3199.99
1388,Nanette Harris,3199.99
235,Jeromy Elliott,3199.98
518,Homer Powers,3199.98
374,Candelaria Coffey,3187.586
364,Bev Chang,3179.98
587,Euna Lopez,3176.653333
959,Christel Barber,3176.65
904,Jana Thomas,3167.986
509,Terra Pickett,3163.9875
1274,Odette Moses,3156.65
1396,Delma Bailey,3149.99
350,Christoper Mccall,3142.9825
82,Lizzie Joyner,3142.554285
179,Deane Sears,3132.98
1174,Aaron Knapp,3124.49
251,Kasie Rodriquez,3123.316666
174,Babara Ochoa,3119.98
412,Dexter Roberts,3119.98
1330,Karren Stevenson,3119.98
609,Eliana Reese,3112.735
1131,Desmond Rose,3109.986
206,Stephaine Riddle,3099.98
180,Karey Steele,3098.0
1285,Garth Huff,3098.0
35,Guillermina Noble,3097.4825
54,Fran Yang,3094.656666
1161,Santa Larson,3079.983333
1084,Regine Odom,3065.99
610,Leonore Dorsey,3055.99
145,Miquel Neal,3055.99
312,Cameron Carroll,3049.985
296,Sophia Mcmillan,3049.984
1069,Rodolfo Buck,3049.656666
923,Randee Pitts,3048.995
1205,Emmaline Huber,3027.735
997,Trinidad Mcclain,3020.2375
167,Loreta Johnston,3010.782
681,Reatha Perez,3010.586
649,Eli Contreras,3003.316666
1055,Hildegarde Christensen,2999.99
323,Jeniffer Slater,2999.99
439,Sunshine Rosario,2999.99
1272,Houston Vasquez,2999.99
1235,Georgina Gonzales,2999.985
565,Dagny Owen,2998.995
545,Tajuana Rollins,2993.99
292,Monty Frost,2989.388
762,Quyen Houston,2984.99
1341,Rozanne Reyes,2982.99
550,Felicidad Golden,2974.9875
1423,Dollie Cervantes,2971.735
72,Petronila Norris,2967.586
61,Elinore Aguilar,2966.183
9,Genoveva Baldwin,2964.42
1237,Luke Kramer,2952.38
119,Thalia Dillard,2951.653333
159,Regina Burns,2949.9825
547,Tena Huber,2947.485
800,Cris Dunn,2936.65
892,Alissa Craft,2899.99
520,Andreas Herman,2899.99
1432,Zona Cameron,2899.99
1380,Eliz Lynch,2899.99
66,Lorrie Becker,2882.32
1138,Hubert Stone,2877.49
1438,Lee Dunn,2875.986
16,Emmitt Sanchez,2875.318333
808,Vallie Dixon,2866.653333
298,Jennie Middleton,2859.9825
140,Cleopatra Tate,2847.982
1315,Omega Johnston,2829.653333
226,Kiana Rivera,2820.386
1010,Katia Henry,2819.9875
109,Monica Sears,2819.984285
1060,Tommie Cooley,2810.986666
1227,Magali Dixon,2809.653333
1164,Patrina Tanner,2799.985
1,Debra Burks,2785.988181
1313,Dante Grimes,2774.495
1070,Olimpia Mays,2761.388
375,Yan Trevino,2749.984
1086,Cori Schwartz,2744.588
472,Myron Ruiz,2736.653333
39,Janetta Aguirre,2734.84
544,Catarina Mendez,2729.99
559,Basilia Thornton,2725.48
463,Jerlene Rios,2717.4875
492,Justa Thompson,2701.9875
444,Caridad Compton,2690.485
4,Daryl Spence,2688.764444
690,Yevette Elliott,2672.586
170,Regine Gonzales,2663.486666
606,Sarah Kirkland,2659.98
1034,Rico Salas,2659.7375
1043,Diane Jones,2657.983333
421,Iola Rasmussen,2654.985
540,Shery Randolph,2646.653333
128,Terrance Lynn,2646.653333
562,Alejandro Norman,2641.98
466,Collen Hayes,2641.98
279,Justina Long,2632.9825
203,Minerva Decker,2631.584
330,Sheba Knapp,2627.984
738,Fannie Jenkins,2624.4875
33,Deloris Burke,2618.73625
782,Ricki Bullock,2617.32
1279,Stan Saunders,2608.235
242,Rutha Howell,2594.32
22,Adelle Larsen,2585.7
295,Danny Kim,2583.986
252,Eleni Gordon,2582.735
888,Coleen Navarro,2581.986
739,Bobbi Banks,2580.985
481,Jayson Rutledge,2579.98
85,Teofila Fischer,2577.286
1349,Kami Rios,2569.7375
506,Irving Pitts,2561.7425
665,Stacie Sims,2560.646666
541,Lanita Burton,2553.984
50,Cleotilde Booth,2549.844285
871,Erlinda Humphrey,2548.584
578,Salena Day,2547.4825
836,Corinna Adams,2544.985
1230,Jesus Burch,2543.32
340,Yanira Bradshaw,2541.4875
517,Buford Gilbert,2537.2375
473,Lashawna Richardson,2533.984
1151,Herminia Reyes,2533.316666
1048,Ji Burt,2533.313333
1162,Carmelina Sellers,2526.65
1137,Dottie Roberts,2525.99
880,Phebe Turner,2521.188
1089,Chere Mcfadden,2519.983333
1302,Verda Gilbert,2517.32
1261,Adelaida Hancock,2511.7425
275,Pinkie Kirkland,2508.782
583,Lashandra Turner,2489.59
1159,Charlene Norris,2482.656666
316,Hortencia Graham,2479.98
1348,Yvone Guerrero,2475.592
783,Celestine Kent,2474.384
58,Damien Dorsey,2468.684
661,Trena Hudson,2462.485
491,Celestine Jacobs,2459.983333
306,Vikki Erickson,2453.986666
37,Melia Brady,2450.987142
223,Scarlet Yates,2448.995
1136,Kallie Best,2445.59
453,Courtney Wyatt,2444.9825
31,Williemae Holloway,2436.54
689,Deirdre Ryan,2433.323333
798,Alyse Jacobson,2431.182
5,Charolette Rice,2430.36
666,Brittni Green,2429.99
732,Lavona Austin,2429.7375
768,Yvone Yates,2413.316666
187,Hedwig Paul,2410.32
87,Yan Mcgowan,2410.151666
948,Siobhan Lang,2409.986666
1300,Clorinda Donovan,2409.985
505,Wilda Petersen,2407.316666
372,Collene Roman,2399.986666
778,Corrinne Garrison,2396.9875
972,Damian Mills,2393.32
338,Abbey Pugh,2389.495
115,Rey Lindsay,2379.985
594,Deanne Parsons,2370.786
717,Kristofer Craig,2366.653333
1119,Tora Dunlap,2349.656666
1263,Rufina Chandler,2340.49
212,Buford Bridges,2333.32
937,Aida Koch,2329.98
1118,Ja Dillard,2324.2425
999,Latoya Johns,2319.323333
246,Dionne Norris,2316.65
69,Katelin Kennedy,2314.98
1081,Carson Macias,2310.4825
43,Mozelle Carter,2307.530909
136,Sarita Parks,2302.532727
861,Olympia Figueroa,2299.99
407,Dannette Guerrero,2299.9875
236,Verona O'neill,2299.985
97,Louanne Martin,2299.983333
807,Nathalie Knowles,2298.99
360,Van Peters,2298.663333
844,Felica Munoz,2292.784
751,Hermila Mckay,2290.986666
255,Flossie Holder,2290.59
870,Dwain Carlson,2289.985
192,Bong Hebert,2289.844285
1225,Mellisa Griffin,2287.984
574,Adriene Rivera,2283.32
1052,Zora Ford,2279.985
1144,Jewel Sparks,2279.983333
259,Johnathan Velazquez,2279.588
351,Margorie Wynn,2278.74
815,Leanna Manning,2277.588
484,Chelsey Boyd,2276.323333
781,Tajuana Riddle,2269.99
1041,Bettye Espinoza,2269.983333
225,Barbera Riggs,2264.98
1257,Rosamaria Meyer,2260.646666
564,Bettie Pierce,2259.985
1201,Nita Guy,2256.984
831,Lory Berg,2249.99
181,Olevia Pitts,2249.9875
1133,Dung King,2249.985
1443,Lezlie Lamb,2247.59
1440,Ernest Rollins,2243.79
48,Cesar Jackson,2243.316666
384,Aimee Merritt,2242.485
660,Shara Pope,2236.653333
1262,Brianne Hays,2234.99
536,Christiane Bradford,2234.98
1415,Harold O'connor,2233.986
960,Arline Lawson,2232.49
74,Georgeann Waller,2229.985
1149,Drucilla Gilliam,2223.316666
28,Jeanice Frost,2223.185
499,Lidia Ashley,2219.988
426,Daisy Ward,2219.983333
118,Le Wood,2210.98
1240,Bella Perez,2209.983333
157,Carola Rodriquez,2208.876666
724,Lois Steele,2203.316666
1220,Carissa Cross,2203.316666
88,Titus Bullock,2200.188
1368,Veronique Fulton,2198.186
63,Tenisha Lyons,2194.186
126,Lavina Dejesus,2187.984
335,Scarlet Reed,2182.98
983,Marguerite Berger,2182.182
1223,Bronwyn Vargas,2180.98
461,Effie Jenkins,2179.316666
715,Larae Carney,2176.184
916,Alishia Elliott,2175.985
886,Letisha May,2174.188
417,Zoraida Patton,2165.4825
2,Kasha Todd,2165.385
1430,Tayna Wade,2160.49
1360,Latashia Travis,2152.735
143,Janae Doyle,2151.98
1439,Florrie Little,2149.982
112,Yuk Vega,2149.485
86,Lissa Vargas,2134.125714
36,Bernita Mcdaniel,2133.313333
308,Mazie Fernandez,2124.99
1398,Nevada Hood,2124.4925
1213,Yang Giles,2119.983333
893,Letty Cobb,2118.788
1245,Gabriela Warren,2115.4825
1178,Wendie Nash,2111.98
150,Weldon Michael,2109.99
1321,Shantel Gregory,2106.986666
749,Oralia Farley,2100.65
856,Lara Guy,2099.99
432,Julius Holt,2099.985
1260,Phuong Wolf,2099.66
1406,Farrah Orr,2097.4825
51,Gertrud Rhodes,2092.2375
950,Verna Solis,2089.98
490,Yu Mcdonald,2087.4875
218,Casey Gill,2086.74
1244,Trang Hardin,2083.32
529,Ellena Clements,2081.9875
20,Aleta Shepard,2079.153333
153,Laraine Robbins,2078.542222
272,Deja Chaney,2072.184
1268,Sung Chambers,2066.653333
1112,Hollis Rasmussen,2066.65
25,Regenia Vaughan,2052.48875
755,Tomika Wilder,2052.182
1085,Adam Thornton,2049.656666
1295,Alline Beasley,2033.316666
21,Tobie Little,2033.21
605,Renita Henry,2032.99
1436,Macie Ayers,2031.184
1165,Rikki Morrow,2027.984
440,Yevette Todd,2026.653333
713,Ilona Spears,2025.388
568,Arcelia Vinson,2024.9825
643,Melba Wilkinson,2020.646666
1177,Charlesetta Soto,2019.985
269,Barton Crosby,2017.4825
348,Darren Witt,2014.49
1307,Cinda Rocha,2009.9825
1154,Barry Albert,2003.995
1327,Consuela Romero,1999.98
445,Earline Ballard,1999.98
708,Majorie Glover,1999.98
920,James Robles,1997.186
65,Kanesha Vega,1996.488333
270,Claudio Wise,1994.99
282,Randolph Chase,1991.984
479,Gertha Mejia,1989.988
216,Wai Soto,1987.983333
1120,Karole Alvarez,1987.4875
1156,Han Wade,1980.985
1306,America Swanson,1980.98
420,Vince Schneider,1979.984
13,Lashawn Ortiz,1978.86
898,Crysta Velez,1974.495
1003,Sharell Ross,1970.98
79,Ashanti Parks,1960.206666
354,Tonda Armstrong,1957.7375
47,Bridgette Guerra,1953.984
268,Trinity Riddle,1952.74
512,Hee Greer,1949.985
297,Christia Carson,1948.99
121,Lucy Woods,1948.99
1314,Joeann Garrison,1941.9875
1372,Renna Williams,1940.985
1012,Josephine Dale,1940.735
727,Kasha Sullivan,1940.186
1150,Keturah Reid,1934.9825
1031,Tonja Bean,1930.784
1024,Coleman Boyd,1930.2375
878,Melodie Melton,1929.986
59,Latasha Stanley,1927.48625
7,Latasha Hays,1926.99
14,Garry Espinoza,1923.098888
1148,Lenore Valdez,1921.984
104,Katharina Bates,1920.557142
27,Santos Valencia,1918.315
276,Lavette Wright,1917.4825
460,Romelia Myers,1917.32
765,Spring Hayes,1910.32
1259,Kimbery Nieves,1899.98
483,Gayla Sims,1899.0
895,Elaina Key,1892.985
672,Elma Molina,1891.2325
603,Genevieve Juarez,1879.32
40,Ronna Butler,1876.885
278,Myesha Burgess,1869.986666
1126,Elmira Levy,1857.4875
165,Jeromy Burch,1855.698571
1374,Juliane Dillard,1852.78
896,Stefani Gamble,1852.49
907,Daina Sampson,1850.98
823,Tina Bush,1850.98
866,Lynwood Jackson,1849.985
107,Cecil Hopper,1849.4925
1040,Shantae Hammond,1844.985
1122,Cicely Deleon,1842.4875
1322,Ai Forbes,1833.32
701,Alysia Nicholson,1833.316666
779,Major Merrill,1832.656666
848,Ernestina Skinner,1829.986666
1344,Eloisa Tucker,1829.985
314,Javier Nichols,1827.485
1333,Omega Huff,1824.188
1191,Tam Fisher,1819.985
1290,Minnie Compton,1817.982
1435,Merrie Fowler,1813.99
742,Evelina Manning,1813.983333
728,Viva Dawson,1809.588
678,Myron Johns,1799.99
1076,Sherise Mercer,1799.99
954,Hassan Nash,1799.99
371,Loni Duncan,1799.99
1309,Kimberli Cline,1799.99
709,Vinnie Chan,1799.985
253,Maurice Norton,1799.98
352,Josef Greer,1793.4825
991,Brigida Larson,1787.59
123,Robena Hill,1786.21
80,Sarai Mckee,1785.988333
1172,Katherin Clark,1781.99
773,Yolando Wade,1779.983333
173,Marquerite Dawson,1778.584
990,Casimira Chapman,1778.384
429,Emmett Casey,1774.49
566,Cinthia Poole,1773.316666
533,Garret Clay,1770.985
637,Kara Higgins,1757.988
1408,Eleanor Mendez,1755.993333
146,Stefany Potter,1754.49
1106,Jerri Henry,1751.98
3,Tameka Fisher,1751.161176
1400,Shayla Hart,1749.99
1242,Chauncey Donaldson,1749.986666
985,Milagros Weber,1746.386
581,Vonda Berger,1743.786
774,Nenita Mooney,1742.4825
731,Hilary Savage,1739.98
396,Laverna Hernandez,1733.316666
135,Dorthey Jackson,1732.98625
185,Morton Lee,1731.985
18,Georgetta Hardin,1730.687
478,Emmett Hahn,1729.986666
687,Cecilia Camacho,1727.784
1032,Vernon Knowles,1724.99
1030,Saran Moses,1724.99
194,Dorine Roberson,1724.98875
1359,Octavia Donaldson,1724.49
156,Charlyn Cantrell,1722.66
748,Oliva Blackwell,1722.485
793,Chantay Maynard,1717.586
1058,Aisha Woods,1714.99
23,Kaylee English,1713.32
231,Jenee Rasmussen,1710.98375
853,Brittney Rojas,1709.59
877,Janine Manning,1705.982
1378,Enoch Rosario,1700.646666
102,Marisol Goodman,1698.995
103,Sylvie Wilkerson,1698.995
1135,Alisia Albert,1694.9825
199,Clelia Workman,1689.99
1373,Lanora Robbins,1687.2375
1127,Waldo Hart,1684.99
859,Julianne Shannon,1683.784
1249,Barbra Dickerson,1682.386
874,Mila Good,1680.99
589,Jeffry Church,1680.99
1252,Adriene Rollins,1674.495
1362,Christiana Gross,1666.65
624,Sharika Colon,1665.99
1389,Ulrike Chan,1665.98
138,Jone Bernard,1664.2325
1202,Carmina Emerson,1659.66
500,Moira Lester,1643.235
952,Aileen Marquez,1640.32
744,Laurel Schultz,1639.9875
614,Toshia Cardenas,1639.986666
367,Blanca Hooper,1637.988
1200,Aubrey Durham,1636.99
307,Fransisca Nicholson,1634.99
712,Kecia Olsen,1634.99
1394,Genny Fields,1634.985
178,Genoveva Tyler,1633.983333
362,Olevia Noel,1633.323333
1125,Caleb England,1629.982
15,Linnie Branch,1627.557142
726,Rochell Cantrell,1625.99
239,Felice Guzman,1624.268571
1049,Marcelino Mcbride,1620.985
486,Valeri Marshall,1617.235
675,Kermit Bowman,1616.782
1021,Nicolas Carlson,1614.235
736,Genny Hensley,1613.983333
53,Saturnina Garner,1613.887
787,Malisa Mitchell,1611.988
309,Anderson Martin,1610.65
332,Reena Higgins,1607.24
569,Lucas Estes,1606.188
240,Le Deleon,1605.697142
806,Reyes Merritt,1599.986666
355,Arvilla Weiss,1599.985
760,Marisa Chambers,1599.323333
702,Sharie Whitaker,1591.986
507,Sheree Pena,1590.985
497,Ezra Fowler,1590.485
129,Walton Dejesus,1584.99
863,Shonta Preston,1579.74
26,Theo Reese,1576.56
1281,Marlen Dawson,1574.99
1066,Raeann Duncan,1573.316666
161,Crystle Gilliam,1572.66
922,Elvia Cardenas,1570.188
1442,Cassie Cline,1568.388
1215,Karl Stephens,1567.4875
521,Max Charles,1565.986666
116,Merlene Vinson,1565.652222
998,Heather Chaney,1552.4875
900,Jule Davenport,1549.983333
81,Zina Bonner,1539.9825
1088,Jane Henderson,1535.983333
1411,Shanda Stevenson,1530.2375
489,Kirstie Vazquez,1529.98
1140,Penney Hall,1524.49
77,Keri Bridges,1523.325
155,Lory Page,1523.323333
530,Selene Austin,1522.985
527,Afton Juarez,1522.656666
1141,Mallie Osborn,1513.316666
1334,Ashleigh Finch,1512.24
538,Sherie Ayala,1509.392
1158,Vito Pickett,1507.986
673,Adam Henderson,1506.656666
1254,Dung Reid,1504.99
837,Kellye Campbell,1502.384
968,Jonna Brown,1499.99
741,Laci Castro,1499.98
476,Christopher Richardson,1499.98
341,Delana Scott,1499.98
1387,Phylicia Stout,1499.98
134,Brianna Moss,1496.99
646,Ann Heath,1496.384
1042,Larissa Hays,1494.485
1206,Mercy Brown,1494.388
1246,Dale Rasmussen,1493.98
413,Ginette Edwards,1484.985
1329,Sharyn Brewer,1481.983333
1006,Marjory Leonard,1479.384
961,Iva Wilcox,1472.7375
120,Luz House,1472.557142
202,Marni Bolton,1470.65
881,Chloe Patel,1469.99
822,Kristy Watkins,1469.99
946,Angella Bridges,1468.65
1028,Shanna Bonner,1466.653333
301,Annett Garrett,1465.983333
220,Lucio Sherman,1463.99
754,Hue May,1463.986
152,Katherina Odom,1462.99
524,Larraine Horn,1462.7375
1280,Jackeline Colon,1459.9875
1054,Arielle Levine,1456.653333
1039,Bee Baker,1455.985
1426,Londa Gould,1452.782
139,Wanita Davenport,1449.985
1308,Shea Howell,1449.98
636,Ashton Lott,1448.99
42,Tangela Quinn,1448.415714
819,Yahaira Robertson,1441.9875
641,Derrick Marks,1439.656666
56,Lolita Mosley,1435.988
571,Kaley Blanchard,1435.984
1275,Lenita Bonner,1434.995
965,Margit Osborn,1434.98
1395,Eliseo Knight,1430.7375
1152,Tuyet Rosa,1429.388
257,Earl Stanley,1427.7375
224,Moses Pope,1425.542222
313,Melani Jarvis,1424.49
1390,Genoveva Lloyd,1418.9825
929,Thurman Ellis,1417.7375
361,Virgina Berg,1413.485
209,Jutta Everett,1409.99
868,Domingo Casey,1409.99
90,Marjorie Logan,1405.848571
1169,Beatris Joyner,1405.485
24,Corene Wall,1405.076363
277,Mark Garrett,1400.65
474,Lavern Orr,1399.656666
984,Ivette Warren,1393.792
963,Anisha Lang,1393.788
515,Reita Dickson,1385.316666
1319,Claris Santiago,1382.4875
280,Brenda Tate,1379.74
124,Jeni Booker,1377.986
1190,Romeo Steele,1377.485
1001,Lee Roman,1377.32
1233,Lise Hebert,1377.235
1324,Arla Ellis,1375.663333
57,Pamala Henry,1373.321666
890,Rosanne George,1372.656666
46,Monika Berg,1369.985714
966,Novella Patel,1367.985
1147,Kandace Ayers,1367.9825
1062,Jerri Guthrie,1367.2425
447,Chasidy Tran,1356.7425
1350,Annett Rush,1355.984
995,Amina Salazar,1351.9925
1266,Myrl Gay,1349.985
599,Jonell Rivas,1347.983333
459,Latosha Dalton,1347.4875
1397,Dewayne Herring,1344.7375
1247,Tammie Cherry,1343.59
686,Darcel Harmon,1343.32
640,Allison Nolan,1341.784
705,Camille Harvey,1339.656666
826,Shay Stephenson,1339.32
910,Elenore William,1337.9875
818,Joel Wynn,1329.98
233,Mariana Strong,1329.49
1121,Shasta Combs,1328.995
723,Vicki Wiggins,1327.988
716,Sebrina Hart,1325.333333
183,Jeniffer Ratliff,1320.99
1186,Kiesha Bond,1320.99
812,Martha Burgess,1319.98
623,Cayla Johnson,1319.98
1116,Patria Harper,1319.98
919,Ruthanne Hoover,1299.986
393,Gertrude Terry,1299.985
1381,Mercedez Brooks,1299.98
84,Armand Whitehead,1291.49
958,Ciera Koch,1290.584
553,Rory Cooper,1289.495
887,Graig Cannon,1287.985
577,Danille Mcfarland,1283.788
1301,Raven Curtis,1282.49
300,Rayford Simon,1279.98
400,Alfredo Dodson,1277.4825
213,Elenore Hensley,1274.9825
756,Graig Roth,1274.245
410,Conception Slater,1273.988
1104,Khalilah Robertson,1269.98
131,Tanesha Hampton,1269.495
986,Marcel Lindsay,1265.235
832,Pamala Fowler,1263.32
1057,Conchita Boone,1261.984
215,Judith Finley,1259.99
99,Carie Kidd,1258.188
1189,Sheila Goodman,1256.653333
250,Ivonne Yang,1255.98
151,Joesph Delacruz,1249.986666
1056,Rebbecca Espinoza,1247.985
1163,Carmela Hays,1247.7375
1134,Sherril Alvarado,1246.19
208,Denis Logan,1243.984
327,Sharie Alvarez,1241.388
833,Leone Emerson,1240.382
994,Demarcus Reese,1240.316666
770,Lavonda Stephenson,1239.985
1129,Gilberto Sanders,1235.485
1346,Sanora Webster,1233.983333
1211,Brenton Whitaker,1233.313333
1153,Ara Vazquez,1229.985
428,Hipolito Padilla,1226.186
1376,Kimberley Reynolds,1224.74
894,Nathaniel Richard,1219.4925
903,Maira Long,1218.782
1273,Cheree Hale,1215.388
274,Josh Shaw,1213.786
839,Carolann Russell,1213.7375
162,Kam Wilder,1207.735
113,Eliana Silva,1203.985
975,Annis Sanchez,1202.4875
1073,Leeanne Cross,1199.98
733,Doreatha Ford,1199.98
585,Chasidy Webster,1199.98
164,Tomika Larson,1199.98
475,Alec Peck,1199.98
398,Suellen Mercado,1199.98
406,Kerrie O'neill,1199.98
1288,Allie Conley,1199.98
1241,Nathaniel Davidson,1199.98
1354,Alexandria Zamora,1197.49
691,Ladawn Downs,1196.7425
470,Loise Walker,1185.33
132,Boyd Irwin,1180.653333
1303,Renay Atkins,1177.988
1298,Trudy Riddle,1174.985
801,Ophelia Rodgers,1170.485
30,Jamaal Albert,1167.788
628,Ehtel Cobb,1166.653333
989,Loreen Byers,1165.988
1375,Carlena Salinas,1165.986666
1418,Penni Best,1160.7375
1352,Dorothea Miranda,1160.65
110,Ollie Zimmerman,1160.586
1097,Collen Dennis,1158.985
1072,Maryalice Henry,1158.9825
1067,Lillia Gillespie,1157.985
52,Tu Ramirez,1155.323333
1175,Sindy Anderson,1155.2375
615,Jamika Blanchard,1153.986
498,Edda Young,1153.32
1096,Tonda Webb,1149.9875
395,Fairy Robinson,1146.2375
620,Eric Hardin,1144.99
582,Soledad Moses,1144.65
979,Ingeborg Ellison,1139.656666
1413,Ophelia Decker,1136.656666
820,Sandy Mills,1133.316666
189,Damian Dawson,1132.985
668,Calandra Stanton,1130.485
680,Mathilda Pennington,1129.98
597,Rudolf Moran,1127.4825
376,Elanor Patrick,1124.49
1078,Theresia Barron,1122.384
653,Florencio Davenport,1119.983333
1044,Zenia Bruce,1119.98
434,Douglass Little,1119.98
337,Majorie Wyatt,1117.59
176,Carley Reynolds,1114.7
667,Etsuko Garrison,1113.313333
386,Nelle Beck,1110.735
197,Andy O'neill,1104.186
286,Virgil Frost,1103.98
1364,Grisel Maynard,1099.99
535,Inge Olsen,1099.985
477,Arminda Weber,1099.98
271,Katheleen Marks,1099.98
683,Amparo Burks,1099.98
830,Edmund Gaines,1099.98
766,Lecia Hancock,1099.98
753,Mandi Gibbs,1099.98
981,Christel Cardenas,1099.98
852,Lezlie Thompson,1099.98
1366,Trena Rogers,1099.98
1221,Joy Underwood,1099.98
450,Ellsworth Michael,1099.4875
679,Tuan Wolfe,1098.66
982,Orval Hunter,1093.32
811,Shanti Johnston,1089.98
1187,Kenyetta Mason,1089.98
1102,Henrietta Wagner,1088.9925
288,Keturah Massey,1087.984
273,Queenie Vance,1086.653333
632,Yvette Rogers,1082.986666
163,Margert Stevens,1080.386
855,Lean Stark,1079.98
1407,Hugh Craft,1077.485
1033,Jeannette Skinner,1074.65
944,Tonja Henderson,1074.49
600,Joi Reeves,1072.2375
1038,Garry Juarez,1069.98
359,Angie Powers,1069.98
865,Julia Joyner,1068.2325
617,Jenna Saunders,1067.98
1296,Travis Whitley,1067.4825
1091,Risa Gallagher,1064.184
83,Tiesha Daniel,1060.9875
237,Elvera Peck,1059.99
561,Kandace Hughes,1059.98
695,Christoper Gould,1059.98
792,Edgar Horn,1059.98
719,Nicki Fry,1059.98
133,Delbert Wilkins,1054.9925
1271,Roy Chan,1053.32
198,Luis Tyler,1053.313333
625,Donnetta Henson,1049.985
825,Kristel Byrd,1049.98
854,Phylis Adkins,1049.98
932,Yvonne Bean,1044.49
1355,Thad Gilliam,1034.99
973,Margaretta Clayton,1034.184
945,Krissy Ochoa,1031.984
1016,Shenna Benton,1029.985
1209,Deandrea Cox,1029.79
98,Violet Valenzuela,1026.653333
76,Parker Prince,1026.2325
1117,Jeffrey Hill,1025.49
443,Ayana Keith,1025.388
864,Lore Sykes,1022.49
1107,Lynda Newman,1019.98
1219,Alden Atkinson,1019.2425
1328,Cindie Franklin,1017.392
645,Lewis Garner,1015.7375
555,Marry Benjamin,1015.394
266,Myung Hooper,1013.316666
526,Lazaro Moran,1012.186
1384,Elmo Sweeney,1011.313333
885,Janna Hayden,1009.986
449,Josie Schultz,1009.495
106,Raul Melendez,1006.653333
71,Takako Casey,1006.49
326,Shiela Calderon,1005.986666
469,Micki Rutledge,1005.2325
1353,Agatha Daniels,1001.7425
757,Lamar Greer,1001.323333
729,Hue Dalton,999.99
325,Berna Moore,999.99
1402,Sandee Alvarado,999.99
1168,Almeta Benjamin,999.99
373,Mariette Trevino,999.98
785,Kandis Mills,999.98
602,Delaine Estes,999.98
1299,Shauna Edwards,998.99
343,Jesica Fields,994.99
1358,Noble Glover,994.9825
392,Cyndi Bush,989.985
260,Rodrick Shelton,987.735
1188,Marcene Curtis,984.48
962,Maple Griffin,983.985
344,Herta Rollins,982.99
554,Hilde Nieves,982.782
49,Caroll Hays,981.985
1433,Nicola Knight,980.384
435,Izola Hobbs,979.9875
572,Wm Pope,979.98
45,Bennett Armstrong,978.235
205,Harris Pittman,977.24
261,Ferne Kline,974.985
1198,Cheryll Snyder,969.98
711,Jovita Bishop,969.592
1080,Mirella Duffy,967.24
841,Manie Maxwell,966.49
1075,Dann Huff,965.99
1113,Kendra Harrington,965.988
1265,Bonita Marshall,965.235
694,Lanie Dunn,960.99
1371,Pandora Estes,960.49
1338,Inez Snider,960.49
358,Kandace Giles,958.485
232,Freddie Mathis,957.985
542,Timothy Byers,956.986666
931,Porter Bass,956.786
560,Tricia Daniels,954.74
1335,Corina Lynch,953.653333
951,Steve Bender,952.4875
1071,Shemeka Lyons,951.7425
816,Marshall Johnson,949.99
243,Natosha Rowland,949.986666
64,Bobbie Foster,949.189
710,Ezra Silva,948.995
299,Jame Riggs,946.646666
648,Catrice Hicks,945.235
619,Ana Palmer,941.986
1092,Lavinia Cotton,941.98
884,Willian Hardin,939.98
829,Marcy Rodriguez,939.98
368,Alysha Powers,939.98
528,Angele Schroeder,939.98
166,Lena Mills,939.98
154,Jenise Preston,939.98
662,Loraine Sykes,937.984
217,Carline Collier,936.488333
55,Diana Guerra,934.782
1123,Raphael O'neil,933.313333
1180,Myrtle Gardner,929.985
936,Sherilyn Wilcox,927.656666
78,Chi Goff,927.49
537,Carter Bentley,925.984
735,Aide Franco,921.32
1287,Victor Pittman,917.7375
1208,Leila Barr,917.4875
612,Gabriel Wagner,913.984
62,Alica Hunter,913.788
872,Silas Tate,913.316666
745,Carolyne Conley,909.985
424,Charleen Hurst,909.495
1160,Efren Whitfield,906.4875
168,Nettie Mcdaniel,903.588
1269,Gustavo Gamble,902.586
1068,Doris Kaufman,902.4875
657,Sam Lester,901.59
402,Kerrie Morton,899.986666
1212,Jaqueline Cummings,899.985
1405,Thanh Figueroa,899.985
516,Rosa Kinney,899.98
455,Sherita Cherry,899.98
847,Lizette Ellison,899.98
639,Ronald Parsons,899.66
591,Danilo Holmes,898.99
659,Antonetta Rocha,898.0
1077,Heather Perry,898.0
1101,Louise Flowers,897.99
546,Thad Castro,893.313333
977,Barton Cox,891.99
437,Laureen Barry,889.984
1339,Neida King,888.985
353,Tisa Whitney,886.99
1393,Vivian Deleon,884.99
590,Cyndi Dyer,884.985
41,Kathie Freeman,882.784
873,Patience Clayton,881.9875
644,Valentin Mclaughlin,881.982
1059,Season Harvey,879.985
988,Vanda Holmes,879.98
927,Guillermo Hart,878.0
1087,Willow Gardner,877.986666
234,Winfred Harris,877.982
777,Ilda Roberson,876.653333
1036,Randee Lester,875.99
229,Molly Langley,875.99
1444,Ivette Estes,874.985
1243,Heide Reed,869.98
267,Angelina Lloyd,869.98
817,Zelda Pratt,869.323333
8,Jacquline Duncan,867.983333
219,Darcie Morgan,866.985
1203,Georgeann Rojas,866.78
303,Rolanda Larsen,864.7425
214,Ross Pugh,859.9825
1311,Whitley Cannon,858.986
1157,Anton Barton,858.0
642,Yang Roth,858.0
387,Kaila Walters,854.99
241,Manie Sanchez,852.656666
1083,Cher Alston,851.988
433,Holly Nieves,851.985
707,Terese Briggs,849.985
1356,Inger Jennings,849.985
799,India Barron,847.4825
17,Caren Stephens,846.845714
764,Terrell Mathis,842.49
987,Louis Powell,839.985
570,Marissa Summers,836.98
670,Shawnda Glover,835.59
438,Katharine Herrera,834.985
264,Mariela Huffman,834.985
204,Alpha King,834.7375
1399,Angelika Perry,834.65
319,Justin Newton,833.32
789,Tad Gardner,830.323333
510,Faustino Delacruz,829.986666
317,Christia Wilkins,829.98
1115,Lina Meadows,828.186
941,Danyell Dickerson,827.7375
436,Honey Camacho,827.653333
1155,Verdell Joyner,824.985
1434,Elana Miles,819.98
763,Han Schneider,819.98
635,Myrtie James,819.98
171,Miriam Baker,817.784
967,Laurette Hebert,817.65
11,Deshawn Mendoza,815.986
1404,Loyce Conway,814.74
68,Jayne Kirkland,814.32
674,Ira Moore,809.985
1185,Corine Stuart,809.98
369,Mary Singleton,808.485
1216,Elvina Gates,807.985
575,Laurence Christian,806.99
1108,Bao Wade,804.985
519,Rudolf Gilliam,803.4825
523,Joshua Robertson,799.99
771,Agnes Sims,799.9875
942,Davis Long,799.985
333,Ami Mcmahon,799.985
1197,Nakisha Clay,795.735
664,Augustus Schmidt,795.49
1000,Shiloh Reeves,793.99
790,Petronila Gallegos,793.4875
1383,Desire Mcgowan,791.985
761,Rod Hatfield,791.984
1331,Divina Reeves,789.66
1027,Shanita Wiley,788.653333
980,Carter Booth,786.985
1401,Willetta Murphy,786.646666
458,Everett Vega,784.985
669,Willis Randolph,784.485
431,Luciano Marsh,779.98
616,Shery Acosta,777.786
1173,Chanel May,776.65
1045,Pasquale Hogan,775.99
211,Gilma Dejesus,774.99
1420,Kelsey Noble,774.49
1179,Vernetta Banks,773.32
1210,Shawnna Frank,770.7375
737,Melita Dominguez,769.985
828,Renato Morton,766.24
879,Ethelyn Ray,764.985
249,Magda Eaton,761.99
137,Shonta Mercer,761.99
1093,Alejandrina Hodges,760.784
618,Skye Pope,759.982
699,Zella Fernandez,759.98
1277,Piedad Irwin,759.98
1379,Dorine Thornton,757.485
909,Alita Salinas,756.653333
938,Emory O'connor,756.653333
813,Neville Mcclain,755.988
1029,Ping Quinn,754.985
1105,Armando Black,753.235
928,Joann Barber,749.99
901,Lonna Franks,749.99
228,Whitney Estes,749.99
508,Vance Taylor,749.99
501,Tony Hicks,749.99
423,Johna Powers,749.99
1428,Carola Johns,749.99
1429,Lorrie Justice,749.653333
1250,Neoma Daugherty,749.33
1184,Annabelle Hebert,749.182
1193,Phebe Soto,746.653333
1114,Douglass Blankenship,746.646666
720,Devin Shaffer,745.985
357,Sheri Cole,741.996666
650,Rita Bailey,741.74
511,Julienne Moody,739.98
158,Alane Kennedy,739.98
101,Nichelle Howell,739.98
1363,Nestor Haynes,739.66
414,Romaine Haley,734.99
399,Bart Hess,734.985
465,Birdie Kramer,734.985
797,Cathey Lamb,732.99
935,Genevie Miles,727.983333
256,Erma Salinas,727.485
1264,Devin Velazquez,724.9875
1017,Philip Bryan,724.985
495,Travis Goodman,722.4825
795,Mariam Miranda,722.24
552,Lea Key,719.9875
1351,Carman Hardy,719.9875
1361,Destiny Goodman,718.99
845,Kathyrn Bush,716.653333
1128,Bea Kane,714.985
405,Greta Page,714.985
1183,Kim Clark,713.485
706,Lolita O'neill,707.485
430,Kandi Mcneil,703.32
262,Rubin Decker,702.485
940,Marina Hinton,701.32
188,Sharla Flynn,700.323333
1145,Deandrea Vega,700.188
385,Rochelle Ward,699.9875
772,Latricia Lindsey,699.98
1270,Ciera Webb,699.98
722,Camila Carroll,696.384
1013,Alma Peck,694.985
480,Garland Weaver,693.59
207,Michel Blankenship,692.4825
1047,Jamaal Baker,689.986666
914,Hortencia O'neil,689.983333
1293,Sally Kinney,685.985
294,Clementina Sargent,684.99
148,Julee Woodard,684.985
915,Beryl Bennett,684.985
630,Zulema Browning,684.985
573,Rubye Mccall,683.995
1251,Nanette Roman,681.9825
1320,Obdulia Barber,679.98
897,Bettyann Acosta,679.98
1232,Jong Guthrie,679.323333
556,Vernell Goff,679.32
796,Rosalie Coffey,675.993333
769,Agatha Melton,674.985
1053,Parthenia Figueroa,674.985
1181,Agustina Lawrence,674.2375
1143,Sommer Hopkins,673.995
380,Alesia Horne,671.99
408,Edra Fitzgerald,668.9875
416,Luke Fuller,666.653333
913,Liliana Kerr,665.993333
1110,Shirely Cantrell,664.985
1035,Tangela Hurley,664.985
418,Georgeanna Webster,659.99
285,Leola Gould,659.99
532,Mia Delgado,659.98
287,Mireille Puckett,658.4825
911,Nikita Roy,656.656666
638,Tomeka Higgins,656.653333
92,Tena Cruz,655.786
467,Clare Neal,654.99
117,Dacia William,654.9875
974,Marcell Barrett,651.985
784,Debbra Jacobson,650.99
791,Yun Nelson,649.99
1412,Adrien Hunter,649.985
1386,Cesar Wilkins,649.323333
1231,Selene Vega,649.2375
1323,Ebony Cotton,648.2375
1304,Tama Berg,646.388
502,Malinda Baxter,643.485
365,Rodger Rojas,642.986666
1170,Mechelle Chan,636.985
248,Cecelia Gill,636.49
1046,Dane Mcdaniel,635.9875
485,Catherine Miles,635.98
283,Jaimee Day,634.985
60,Neil Mccall,629.988
933,Lurline Rivers,629.656666
939,Maximina Hutchinson,628.485
419,Krystin Marshall,626.986666
563,Rodney Odom,625.993333
456,Serina Hensley,621.32
1109,Gussie Harding,620.653333
1278,Loan Graham,614.985
1431,Mark Benton,613.32
254,Cristobal Hutchinson,605.983333
1139,Gabriella Jones,604.99
1292,Lakenya Oliver,604.99
318,Eliz Whitney,601.316666
1229,Carina Lynch,600.784
471,Burma Summers,599.99
549,Elmo Arnold,599.99
265,Mellisa Farley,599.99
918,Kristel Bullock,599.99
786,Wallace Lane,599.99
721,Erlinda Osborne,599.99
658,Nicki Larson,599.98
992,Chere Alston,599.98
1417,Jasper Castro,599.98
1357,Karren Lamb,599.98
759,Cira Downs,597.4875
698,Charleen Joyner,595.983333
315,Justina Jenkins,594.2425
978,Diana Reyes,591.49
953,Kattie Stevenson,590.186
1282,Alexis Mack,589.394
1305,Dalia Carson,589.323333
201,Candis Harding,585.194
621,Basil Ballard,583.32
1025,Daphine Willis,579.99
1061,Alanna Barry,578.995
1182,Trinidad Chapman,578.995
652,Tilda Melton,571.985
548,Dori Alvarez,570.74
1409,Lamar Bush,570.24
1256,Nubia Anderson,569.986666
1318,Tisha Petty,569.985
1064,Patsy Russo,569.985
1011,Sebrina Gross,569.985
947,Angele Castro,569.985
191,Graciela Barber,569.984
1074,Lanelle Guerra,569.98
588,Cherelle Key,569.98
851,Arlena Buckner,569.98
1385,Kenton Hughes,569.49
1234,Joshua Berg,567.4875
494,Pearl Fox,559.983333
1176,Sheree Blanchard,559.98
1098,Treasa Dickerson,555.99
1222,Geraldine O'donnell,555.986666
190,Toya Pratt,553.235
448,Janella Bright,551.99
1207,Jenell Crosby,551.99
1286,Dione Pratt,549.99
996,Serafina Clemons,549.99
743,Tania Swanson,549.99
684,Jenny Bell,549.99
1367,Lucile Manning,549.985
290,Barry Buckner,549.983333
1099,Jewell Reyes,549.98
869,Rodrigo Durham,545.985
704,Morton Barron,539.99
346,Jacalyn Barnett,539.99
835,Roseanne Maynard,539.986666
676,Gayle Wilkinson,539.98
622,Gabriel Pitts,539.98
613,Margene Eaton,539.98
608,Taisha Vang,539.98
964,Brent Calderon,539.98
1146,Charlsie Carson,539.98
1130,Benny Bender,539.98
304,Jayme Zamora,539.98
558,Carroll Kelly,539.98
1297,Vanessa West,539.98
1228,Zulema Clemons,539.98
596,Emelda Dickerson,539.66
67,Tommie Melton,536.656666
468,Jeanett Herman,534.985
1050,Rozella Fitzgerald,533.99
1289,Shanelle Anderson,533.99
284,Susann Bass,533.985
1253,Susannah Fields,533.323333
130,Wes Stanton,529.99
647,Janelle Maldonado,527.313333
397,Jeannie Wilcox,526.326666
889,Lucilla Williams,519.985
926,Katina Mcintosh,514.495
44,Onita Johns,513.986
1255,Ben Stone,504.985
1194,Leticia Snyder,502.24
860,Loni Mullen,501.98
1065,Desiree Branch,501.98
925,Bryce Monroe,499.99
767,Twana Arnold,499.99
378,Rosalba O'neal,499.99
454,Terese Palmer,499.99
1343,Jama Rodriquez,499.9875
1325,Magdalena Sherman,499.495
1410,Lurlene Finch,498.485
1294,Edith Davenport,495.656666
633,Kiara Deleon,494.49
629,Evelina Byrd,492.735
957,Stephen Vega,491.985
969,Jennell Solis,489.99
1022,Hye Mercer,489.99
200,Ashely Holmes,489.99
1217,Carlie Terrell,489.59
1345,Arie Hunter,488.99
814,Ghislaine Compton,487.485
843,Tessie Farmer,486.323333
834,Brain Skinner,484.9875
381,Kristen Alvarez,484.49
422,Valery Saunders,484.49
522,Tammera Fischer,479.986666
750,Romaine Salazar,479.326666
305,Hope Cotton,477.32
604,Kylee Dickson,474.99
141,Ramiro Byers,470.99
382,Collin Webster,470.49
389,Leif Short,469.99
258,Maribel William,469.99
592,Joni Lee,469.99
693,Merlin Foreman,469.99
827,George Pickett,469.99
1008,Berneice Pollard,469.99
921,Evelin Vargas,469.983333
740,Gwenn Melton,464.74
311,Charise Burt,457.32
114,Thalia Horne,454.99
584,Lynne Anderson,453.592
949,Venessa Frost,453.32
857,Inga Koch,449.99
1094,Keitha Black,449.99
1079,Cindi Ellis,449.99
656,Romana Barnes,449.99
388,Aleta Stone,449.99
557,Erlene Cook,449.0
451,Jennette Wooten,449.0
1095,Corene Swanson,449.0
902,Elease Dejesus,447.986666
291,Boyce Burks,441.9925
804,Douglas Richards,439.99
1427,Mikel Wilkerson,439.99
244,Jessika Bray,430.653333
504,Tiana Henderson,429.656666
746,Eldridge Greer,429.0
703,Diana Cobb,429.0
685,Laverne Craft,429.0
586,Ulysses Gaines,429.0
858,Klara Kim,428.59
1337,Bernetta Summers,424.99
993,Giovanna Jefferson,419.98
601,Leland Mcdowell,419.98
805,Phillis Fowler,419.98
452,Cassandra Nichols,419.98
457,Jeni Farley,419.98
446,Nathanael Bradley,419.98
776,Angelique Merrill,416.99
725,Carola Mcpherson,416.99
849,Phyllis Hill,416.326666
321,Chere Hardin,416.326666
876,Onita Macdonald,414.9875
331,Aleta Mack,413.788
891,Ashlie Parrish,409.99
956,Venus Hewitt,406.326666
930,Delana Wagner,405.4875
943,Lynn Mcmahon,404.985
924,Lea Irwin,404.985
846,Sylvester Chan,404.985
697,Alane Mccarty,404.985
377,Klara Mosley,404.985
409,Jerome Bolton,404.985
336,Trisha Johnson,399.99
487,Grace Madden,392.2425
634,Taylor Cole,392.2425
842,Giselle Robles,380.99
193,Ayanna Rhodes,369.986666
671,Jennette Baker,364.985
821,Cassidy Clark,363.485
1377,Johana Jacobson,363.323333
775,Kermit Hyde,359.656666
654,Eun Harris,359.495
655,Marylyn Browning,359.495
551,Jenine Crane,359.495
1369,Starr Schneider,359.495
302,Hayden Cross,354.985
482,Narcisa Knapp,349.99
1009,Deangelo Cooley,349.99
1317,Glady Wells,349.99
1283,Mica Barry,349.99
404,Augustus Steele,324.99
1239,Tara Maynard,319.99
493,Lise Alvarado,313.49
539,Jamika Acevedo,299.99
391,Vernita Ball,299.99
342,Cassondra Pruitt,299.99
1004,Jerald Blackwell,299.99
875,Tanesha Sawyer,299.99
1336,Joe Melton,299.99
370,Jina Cooper,284.99
363,Kaci Gallegos,269.99
401,Shaunda Barnett,269.99
513,Whitney Cash,269.99
514,Clarita Curry,269.99
144,Hans Price,269.99
677,Launa Hull,269.99
714,Senaida Thompson,269.99
788,Lilliam Nolan,269.99
1340,Tona Velasquez,269.99
1166,Junita Reese,269.99
347,Kanesha Hudson,250.99
221,Clementine Mooney,249.99
1142,Britteny Schroeder,249.99
593,Antony Atkinson,219.98
718,Luciana Mcgee,209.99
752,Lloyd Miranda,189.99
1111,Caroline Jenkins,189.99
177,Carissa Foreman,189.99
1414,Sonja Walls,189.99
850,Stephanie Browning,109.99
